Sector,Model,MSE,RMSE,MAE,R2,Best_Params,Overfit_Ratio
Commercial,Ridge,3761.077717498704,61.3276260546477,47.69481027417543,0.8113524508350182,{'alpha': 0.1},2.7305526642117286
Commercial,ElasticNet,3891.7894821566006,62.38420859605899,48.26267693457514,0.8047962305434202,"{'alpha': 0.001, 'l1_ratio': 0.2}",2.793242080413086
Commercial,Lasso,4125.9157981021135,64.23329197621833,49.62237903649896,0.7930529593281896,{'alpha': 0.001},2.8715698412621236
Commercial,OMP,5082.443869294587,71.2912608199251,56.65356071326532,0.7450755736181244,{'n_nonzero_coefs': 20},3.3917001140259355
Commercial,RandomForest,5141.920725408593,71.70718740411307,54.057296360747095,0.7420923427516781,"{'max_depth': 5, 'min_samples_leaf': 5, 'n_estimators': 20}",4.00558037975219
Commercial,GradientBoosting,5391.313478244197,73.42556420106145,56.41054633306312,0.7295833399775389,"{'learning_rate': 0.1, 'max_depth': 3, 'n_estimators': 100}",10.466161125144406
Commercial,KNN,6015.622762897218,77.56044586577116,62.539628719828634,0.6982693323135172,"{'n_neighbors': 3, 'weights': 'distance'}",370455213639543.5
