{
  "Commercial": {
    "best_model": "OMP",
    "RMSE": 64.48,
    "R2": 0.7915,
    "diagnostics": {
      "mean_residual": -12.253549844331008,
      "std_residual": 63.30638942025015,
      "skewness": 0.38755396942821274,
      "kurtosis": 0.6324465905739314,
      "durbin_watson": 1.789774285223739,
      "LB_Statistic": 33.060704600426114,
      "LB_P_Value": 0.0332267839448062,
      "No_Autocorrelation": false,
      "SW_Statistic": 0.9750912227285375,
      "SW_P_Value": 0.02320756976380791,
      "Normal_Residuals": "False"
    },
    "stationarity": {
      "ADF_Statistic": -1.8184854304328757,
      "ADF_P_Value": 0.3713235756070792,
      "ADF_Stationary": "False",
      "KPSS_Statistic": 1.1049807541852077,
      "KPSS_P_Value": 0.01,
      "KPSS_Stationary": "False",
      "Stationary": "False"
    },
    "forecast_next_12m": "Generated"
  }
}