{"rmse": 137.63972013761926, "mae": 106.15255470356348, "r2": 0.8591002736528146}